"Benchmark","Mode","Threads","Samples","Score","Score Error (99,9%)","Unit","Param: matrixSize","Param: sparsity"
"org.example.MatrixMultiplicationBenchmark.testBasicMultiplication","avgt",1,2,"0,001315",NaN,"ms/op",10,0.1
"org.example.MatrixMultiplicationBenchmark.testBasicMultiplication:·gc.alloc.rate","avgt",1,2,"586,680822",NaN,"MB/sec",10,0.1
"org.example.MatrixMultiplicationBenchmark.testBasicMultiplication:·gc.alloc.rate.norm","avgt",1,2,"1016,120748",NaN,"B/op",10,0.1
"org.example.MatrixMultiplicationBenchmark.testBasicMultiplication:·gc.churn.G1_Eden_Space","avgt",1,2,"576,131586",NaN,"MB/sec",10,0.1
"org.example.MatrixMultiplicationBenchmark.testBasicMultiplication:·gc.churn.G1_Eden_Space.norm","avgt",1,2,"995,615494",NaN,"B/op",10,0.1
"org.example.MatrixMultiplicationBenchmark.testBasicMultiplication:·gc.churn.G1_Survivor_Space","avgt",1,2,"0,464424",NaN,"MB/sec",10,0.1
"org.example.MatrixMultiplicationBenchmark.testBasicMultiplication:·gc.churn.G1_Survivor_Space.norm","avgt",1,2,"0,782365",NaN,"B/op",10,0.1
"org.example.MatrixMultiplicationBenchmark.testBasicMultiplication:·gc.count","avgt",1,2,"14,000000",NaN,"counts",10,0.1
"org.example.MatrixMultiplicationBenchmark.testBasicMultiplication:·gc.time","avgt",1,2,"30,000000",NaN,"ms",10,0.1
"org.example.MatrixMultiplicationBenchmark.testBasicMultiplication","avgt",1,2,"0,001357",NaN,"ms/op",10,0.5
"org.example.MatrixMultiplicationBenchmark.testBasicMultiplication:·gc.alloc.rate","avgt",1,2,"570,661069",NaN,"MB/sec",10,0.5
"org.example.MatrixMultiplicationBenchmark.testBasicMultiplication:·gc.alloc.rate.norm","avgt",1,2,"1016,115663",NaN,"B/op",10,0.5
"org.example.MatrixMultiplicationBenchmark.testBasicMultiplication:·gc.churn.G1_Eden_Space","avgt",1,2,"548,410299",NaN,"MB/sec",10,0.5
"org.example.MatrixMultiplicationBenchmark.testBasicMultiplication:·gc.churn.G1_Eden_Space.norm","avgt",1,2,"975,755028",NaN,"B/op",10,0.5
"org.example.MatrixMultiplicationBenchmark.testBasicMultiplication:·gc.churn.G1_Survivor_Space","avgt",1,2,"0,483353",NaN,"MB/sec",10,0.5
"org.example.MatrixMultiplicationBenchmark.testBasicMultiplication:·gc.churn.G1_Survivor_Space.norm","avgt",1,2,"0,821202",NaN,"B/op",10,0.5
"org.example.MatrixMultiplicationBenchmark.testBasicMultiplication:·gc.count","avgt",1,2,"13,000000",NaN,"counts",10,0.5
"org.example.MatrixMultiplicationBenchmark.testBasicMultiplication:·gc.time","avgt",1,2,"25,000000",NaN,"ms",10,0.5
"org.example.MatrixMultiplicationBenchmark.testBasicMultiplication","avgt",1,2,"0,001210",NaN,"ms/op",10,0.8
"org.example.MatrixMultiplicationBenchmark.testBasicMultiplication:·gc.alloc.rate","avgt",1,2,"640,476090",NaN,"MB/sec",10,0.8
"org.example.MatrixMultiplicationBenchmark.testBasicMultiplication:·gc.alloc.rate.norm","avgt",1,2,"1016,127233",NaN,"B/op",10,0.8
"org.example.MatrixMultiplicationBenchmark.testBasicMultiplication:·gc.churn.G1_Eden_Space","avgt",1,2,"649,437344",NaN,"MB/sec",10,0.8
"org.example.MatrixMultiplicationBenchmark.testBasicMultiplication:·gc.churn.G1_Eden_Space.norm","avgt",1,2,"1030,921721",NaN,"B/op",10,0.8
"org.example.MatrixMultiplicationBenchmark.testBasicMultiplication:·gc.churn.G1_Survivor_Space","avgt",1,2,"0,500793",NaN,"MB/sec",10,0.8
"org.example.MatrixMultiplicationBenchmark.testBasicMultiplication:·gc.churn.G1_Survivor_Space.norm","avgt",1,2,"0,799708",NaN,"B/op",10,0.8
"org.example.MatrixMultiplicationBenchmark.testBasicMultiplication:·gc.count","avgt",1,2,"16,000000",NaN,"counts",10,0.8
"org.example.MatrixMultiplicationBenchmark.testBasicMultiplication:·gc.time","avgt",1,2,"28,000000",NaN,"ms",10,0.8
"org.example.MatrixMultiplicationBenchmark.testBasicMultiplication","avgt",1,2,"0,786087",NaN,"ms/op",100,0.1
"org.example.MatrixMultiplicationBenchmark.testBasicMultiplication:·gc.alloc.rate","avgt",1,2,"79,698765",NaN,"MB/sec",100,0.1
"org.example.MatrixMultiplicationBenchmark.testBasicMultiplication:·gc.alloc.rate.norm","avgt",1,2,"82026,567977",NaN,"B/op",100,0.1
"org.example.MatrixMultiplicationBenchmark.testBasicMultiplication:·gc.churn.G1_Eden_Space","avgt",1,2,"58,746154",NaN,"MB/sec",100,0.1
"org.example.MatrixMultiplicationBenchmark.testBasicMultiplication:·gc.churn.G1_Eden_Space.norm","avgt",1,2,"60680,845676",NaN,"B/op",100,0.1
"org.example.MatrixMultiplicationBenchmark.testBasicMultiplication:·gc.churn.G1_Survivor_Space","avgt",1,2,"0,006691",NaN,"MB/sec",100,0.1
"org.example.MatrixMultiplicationBenchmark.testBasicMultiplication:·gc.churn.G1_Survivor_Space.norm","avgt",1,2,"6,510264",NaN,"B/op",100,0.1
"org.example.MatrixMultiplicationBenchmark.testBasicMultiplication:·gc.count","avgt",1,2,"2,000000",NaN,"counts",100,0.1
"org.example.MatrixMultiplicationBenchmark.testBasicMultiplication:·gc.time","avgt",1,2,"2,000000",NaN,"ms",100,0.1
"org.example.MatrixMultiplicationBenchmark.testBasicMultiplication","avgt",1,2,"0,767354",NaN,"ms/op",100,0.5
"org.example.MatrixMultiplicationBenchmark.testBasicMultiplication:·gc.alloc.rate","avgt",1,2,"81,349609",NaN,"MB/sec",100,0.5
"org.example.MatrixMultiplicationBenchmark.testBasicMultiplication:·gc.alloc.rate.norm","avgt",1,2,"82026,334798",NaN,"B/op",100,0.5
"org.example.MatrixMultiplicationBenchmark.testBasicMultiplication:·gc.churn.G1_Eden_Space","avgt",1,2,"58,151889",NaN,"MB/sec",100,0.5
"org.example.MatrixMultiplicationBenchmark.testBasicMultiplication:·gc.churn.G1_Eden_Space.norm","avgt",1,2,"58642,878156",NaN,"B/op",100,0.5
"org.example.MatrixMultiplicationBenchmark.testBasicMultiplication:·gc.churn.G1_Survivor_Space","avgt",1,2,"0,019238",NaN,"MB/sec",100,0.5
"org.example.MatrixMultiplicationBenchmark.testBasicMultiplication:·gc.churn.G1_Survivor_Space.norm","avgt",1,2,"19,210287",NaN,"B/op",100,0.5
"org.example.MatrixMultiplicationBenchmark.testBasicMultiplication:·gc.count","avgt",1,2,"2,000000",NaN,"counts",100,0.5
"org.example.MatrixMultiplicationBenchmark.testBasicMultiplication:·gc.time","avgt",1,2,"5,000000",NaN,"ms",100,0.5
"org.example.MatrixMultiplicationBenchmark.testBasicMultiplication","avgt",1,2,"0,758763",NaN,"ms/op",100,0.8
"org.example.MatrixMultiplicationBenchmark.testBasicMultiplication:·gc.alloc.rate","avgt",1,2,"82,672919",NaN,"MB/sec",100,0.8
"org.example.MatrixMultiplicationBenchmark.testBasicMultiplication:·gc.alloc.rate.norm","avgt",1,2,"82031,372912",NaN,"B/op",100,0.8
"org.example.MatrixMultiplicationBenchmark.testBasicMultiplication:·gc.churn.G1_Eden_Space","avgt",1,2,"87,138355",NaN,"MB/sec",100,0.8
"org.example.MatrixMultiplicationBenchmark.testBasicMultiplication:·gc.churn.G1_Eden_Space.norm","avgt",1,2,"88037,137896",NaN,"B/op",100,0.8
"org.example.MatrixMultiplicationBenchmark.testBasicMultiplication:·gc.churn.G1_Survivor_Space","avgt",1,2,"0,022314",NaN,"MB/sec",100,0.8
"org.example.MatrixMultiplicationBenchmark.testBasicMultiplication:·gc.churn.G1_Survivor_Space.norm","avgt",1,2,"23,254344",NaN,"B/op",100,0.8
"org.example.MatrixMultiplicationBenchmark.testBasicMultiplication:·gc.count","avgt",1,2,"3,000000",NaN,"counts",100,0.8
"org.example.MatrixMultiplicationBenchmark.testBasicMultiplication:·gc.time","avgt",1,2,"9,000000",NaN,"ms",100,0.8
"org.example.MatrixMultiplicationBenchmark.testBasicMultiplication","avgt",1,2,"2600,867625",NaN,"ms/op",1000,0.1
"org.example.MatrixMultiplicationBenchmark.testBasicMultiplication:·gc.alloc.rate","avgt",1,2,"2,850832",NaN,"MB/sec",1000,0.1
"org.example.MatrixMultiplicationBenchmark.testBasicMultiplication:·gc.alloc.rate.norm","avgt",1,2,"8020322,000000",NaN,"B/op",1000,0.1
"org.example.MatrixMultiplicationBenchmark.testBasicMultiplication:·gc.count","avgt",1,2,"0,000000",NaN,"counts",1000,0.1
"org.example.MatrixMultiplicationBenchmark.testBasicMultiplication","avgt",1,2,"2748,671675",NaN,"ms/op",1000,0.5
"org.example.MatrixMultiplicationBenchmark.testBasicMultiplication:·gc.alloc.rate","avgt",1,2,"2,767738",NaN,"MB/sec",1000,0.5
"org.example.MatrixMultiplicationBenchmark.testBasicMultiplication:·gc.alloc.rate.norm","avgt",1,2,"8020322,000000",NaN,"B/op",1000,0.5
"org.example.MatrixMultiplicationBenchmark.testBasicMultiplication:·gc.count","avgt",1,2,"0,000000",NaN,"counts",1000,0.5
"org.example.MatrixMultiplicationBenchmark.testBasicMultiplication","avgt",1,2,"2664,973800",NaN,"ms/op",1000,0.8
"org.example.MatrixMultiplicationBenchmark.testBasicMultiplication:·gc.alloc.rate","avgt",1,2,"2,668376",NaN,"MB/sec",1000,0.8
"org.example.MatrixMultiplicationBenchmark.testBasicMultiplication:·gc.alloc.rate.norm","avgt",1,2,"8026974,000000",NaN,"B/op",1000,0.8
"org.example.MatrixMultiplicationBenchmark.testBasicMultiplication:·gc.churn.G1_Eden_Space","avgt",1,2,"3,239225",NaN,"MB/sec",1000,0.8
"org.example.MatrixMultiplicationBenchmark.testBasicMultiplication:·gc.churn.G1_Eden_Space.norm","avgt",1,2,"7864320,000000",NaN,"B/op",1000,0.8
"org.example.MatrixMultiplicationBenchmark.testBasicMultiplication:·gc.count","avgt",1,2,"1,000000",NaN,"counts",1000,0.8
"org.example.MatrixMultiplicationBenchmark.testBasicMultiplication:·gc.time","avgt",1,2,"5,000000",NaN,"ms",1000,0.8
"org.example.MatrixMultiplicationBenchmark.testOptimizedMultiplication","avgt",1,2,"0,001134",NaN,"ms/op",10,0.1
"org.example.MatrixMultiplicationBenchmark.testOptimizedMultiplication:·gc.alloc.rate","avgt",1,2,"682,048563",NaN,"MB/sec",10,0.1
"org.example.MatrixMultiplicationBenchmark.testOptimizedMultiplication:·gc.alloc.rate.norm","avgt",1,2,"1016,111636",NaN,"B/op",10,0.1
"org.example.MatrixMultiplicationBenchmark.testOptimizedMultiplication:·gc.churn.G1_Eden_Space","avgt",1,2,"647,604196",NaN,"MB/sec",10,0.1
"org.example.MatrixMultiplicationBenchmark.testOptimizedMultiplication:·gc.churn.G1_Eden_Space.norm","avgt",1,2,"964,315898",NaN,"B/op",10,0.1
"org.example.MatrixMultiplicationBenchmark.testOptimizedMultiplication:·gc.churn.G1_Survivor_Space","avgt",1,2,"0,466060",NaN,"MB/sec",10,0.1
"org.example.MatrixMultiplicationBenchmark.testOptimizedMultiplication:·gc.churn.G1_Survivor_Space.norm","avgt",1,2,"0,657465",NaN,"B/op",10,0.1
"org.example.MatrixMultiplicationBenchmark.testOptimizedMultiplication:·gc.count","avgt",1,2,"15,000000",NaN,"counts",10,0.1
"org.example.MatrixMultiplicationBenchmark.testOptimizedMultiplication:·gc.time","avgt",1,2,"24,000000",NaN,"ms",10,0.1
"org.example.MatrixMultiplicationBenchmark.testOptimizedMultiplication","avgt",1,2,"0,001181",NaN,"ms/op",10,0.5
"org.example.MatrixMultiplicationBenchmark.testOptimizedMultiplication:·gc.alloc.rate","avgt",1,2,"654,199001",NaN,"MB/sec",10,0.5
"org.example.MatrixMultiplicationBenchmark.testOptimizedMultiplication:·gc.alloc.rate.norm","avgt",1,2,"1016,116355",NaN,"B/op",10,0.5
"org.example.MatrixMultiplicationBenchmark.testOptimizedMultiplication:·gc.churn.G1_Eden_Space","avgt",1,2,"653,546051",NaN,"MB/sec",10,0.5
"org.example.MatrixMultiplicationBenchmark.testOptimizedMultiplication:·gc.churn.G1_Eden_Space.norm","avgt",1,2,"1014,300966",NaN,"B/op",10,0.5
"org.example.MatrixMultiplicationBenchmark.testOptimizedMultiplication:·gc.churn.G1_Survivor_Space","avgt",1,2,"0,464726",NaN,"MB/sec",10,0.5
"org.example.MatrixMultiplicationBenchmark.testOptimizedMultiplication:·gc.churn.G1_Survivor_Space.norm","avgt",1,2,"0,688937",NaN,"B/op",10,0.5
"org.example.MatrixMultiplicationBenchmark.testOptimizedMultiplication:·gc.count","avgt",1,2,"15,000000",NaN,"counts",10,0.5
"org.example.MatrixMultiplicationBenchmark.testOptimizedMultiplication:·gc.time","avgt",1,2,"26,000000",NaN,"ms",10,0.5
"org.example.MatrixMultiplicationBenchmark.testOptimizedMultiplication","avgt",1,2,"0,001120",NaN,"ms/op",10,0.8
"org.example.MatrixMultiplicationBenchmark.testOptimizedMultiplication:·gc.alloc.rate","avgt",1,2,"692,377857",NaN,"MB/sec",10,0.8
"org.example.MatrixMultiplicationBenchmark.testOptimizedMultiplication:·gc.alloc.rate.norm","avgt",1,2,"1016,117494",NaN,"B/op",10,0.8
"org.example.MatrixMultiplicationBenchmark.testOptimizedMultiplication:·gc.churn.G1_Eden_Space","avgt",1,2,"690,429917",NaN,"MB/sec",10,0.8
"org.example.MatrixMultiplicationBenchmark.testOptimizedMultiplication:·gc.churn.G1_Eden_Space.norm","avgt",1,2,"1015,118788",NaN,"B/op",10,0.8
"org.example.MatrixMultiplicationBenchmark.testOptimizedMultiplication:·gc.churn.G1_Survivor_Space","avgt",1,2,"0,476958",NaN,"MB/sec",10,0.8
"org.example.MatrixMultiplicationBenchmark.testOptimizedMultiplication:·gc.churn.G1_Survivor_Space.norm","avgt",1,2,"0,674575",NaN,"B/op",10,0.8
"org.example.MatrixMultiplicationBenchmark.testOptimizedMultiplication:·gc.count","avgt",1,2,"16,000000",NaN,"counts",10,0.8
"org.example.MatrixMultiplicationBenchmark.testOptimizedMultiplication:·gc.time","avgt",1,2,"25,000000",NaN,"ms",10,0.8
"org.example.MatrixMultiplicationBenchmark.testOptimizedMultiplication","avgt",1,2,"0,703860",NaN,"ms/op",100,0.1
"org.example.MatrixMultiplicationBenchmark.testOptimizedMultiplication:·gc.alloc.rate","avgt",1,2,"88,873496",NaN,"MB/sec",100,0.1
"org.example.MatrixMultiplicationBenchmark.testOptimizedMultiplication:·gc.alloc.rate.norm","avgt",1,2,"82029,895743",NaN,"B/op",100,0.1
"org.example.MatrixMultiplicationBenchmark.testOptimizedMultiplication:·gc.churn.G1_Eden_Space","avgt",1,2,"88,275706",NaN,"MB/sec",100,0.1
"org.example.MatrixMultiplicationBenchmark.testOptimizedMultiplication:·gc.churn.G1_Eden_Space.norm","avgt",1,2,"80463,003073",NaN,"B/op",100,0.1
"org.example.MatrixMultiplicationBenchmark.testOptimizedMultiplication:·gc.churn.G1_Survivor_Space","avgt",1,2,"0,004831",NaN,"MB/sec",100,0.1
"org.example.MatrixMultiplicationBenchmark.testOptimizedMultiplication:·gc.churn.G1_Survivor_Space.norm","avgt",1,2,"4,276975",NaN,"B/op",100,0.1
"org.example.MatrixMultiplicationBenchmark.testOptimizedMultiplication:·gc.count","avgt",1,2,"3,000000",NaN,"counts",100,0.1
"org.example.MatrixMultiplicationBenchmark.testOptimizedMultiplication:·gc.time","avgt",1,2,"4,000000",NaN,"ms",100,0.1
"org.example.MatrixMultiplicationBenchmark.testOptimizedMultiplication","avgt",1,2,"0,712490",NaN,"ms/op",100,0.5
"org.example.MatrixMultiplicationBenchmark.testOptimizedMultiplication:·gc.alloc.rate","avgt",1,2,"87,615131",NaN,"MB/sec",100,0.5
"org.example.MatrixMultiplicationBenchmark.testOptimizedMultiplication:·gc.alloc.rate.norm","avgt",1,2,"82034,912801",NaN,"B/op",100,0.5
"org.example.MatrixMultiplicationBenchmark.testOptimizedMultiplication:·gc.churn.G1_Eden_Space","avgt",1,2,"115,924788",NaN,"MB/sec",100,0.5
"org.example.MatrixMultiplicationBenchmark.testOptimizedMultiplication:·gc.churn.G1_Eden_Space.norm","avgt",1,2,"108717,588827",NaN,"B/op",100,0.5
"org.example.MatrixMultiplicationBenchmark.testOptimizedMultiplication:·gc.churn.G1_Survivor_Space","avgt",1,2,"0,011190",NaN,"MB/sec",100,0.5
"org.example.MatrixMultiplicationBenchmark.testOptimizedMultiplication:·gc.churn.G1_Survivor_Space.norm","avgt",1,2,"10,659030",NaN,"B/op",100,0.5
"org.example.MatrixMultiplicationBenchmark.testOptimizedMultiplication:·gc.count","avgt",1,2,"4,000000",NaN,"counts",100,0.5
"org.example.MatrixMultiplicationBenchmark.testOptimizedMultiplication:·gc.time","avgt",1,2,"13,000000",NaN,"ms",100,0.5
"org.example.MatrixMultiplicationBenchmark.testOptimizedMultiplication","avgt",1,2,"0,725343",NaN,"ms/op",100,0.8
"org.example.MatrixMultiplicationBenchmark.testOptimizedMultiplication:·gc.alloc.rate","avgt",1,2,"86,712216",NaN,"MB/sec",100,0.8
"org.example.MatrixMultiplicationBenchmark.testOptimizedMultiplication:·gc.alloc.rate.norm","avgt",1,2,"82030,076505",NaN,"B/op",100,0.8
"org.example.MatrixMultiplicationBenchmark.testOptimizedMultiplication:·gc.churn.G1_Eden_Space","avgt",1,2,"86,994914",NaN,"MB/sec",100,0.8
"org.example.MatrixMultiplicationBenchmark.testOptimizedMultiplication:·gc.churn.G1_Eden_Space.norm","avgt",1,2,"80552,382388",NaN,"B/op",100,0.8
"org.example.MatrixMultiplicationBenchmark.testOptimizedMultiplication:·gc.churn.G1_Survivor_Space","avgt",1,2,"0,011093",NaN,"MB/sec",100,0.8
"org.example.MatrixMultiplicationBenchmark.testOptimizedMultiplication:·gc.churn.G1_Survivor_Space.norm","avgt",1,2,"9,660303",NaN,"B/op",100,0.8
"org.example.MatrixMultiplicationBenchmark.testOptimizedMultiplication:·gc.count","avgt",1,2,"3,000000",NaN,"counts",100,0.8
"org.example.MatrixMultiplicationBenchmark.testOptimizedMultiplication:·gc.time","avgt",1,2,"10,000000",NaN,"ms",100,0.8
"org.example.MatrixMultiplicationBenchmark.testOptimizedMultiplication","avgt",1,2,"1837,657650",NaN,"ms/op",1000,0.1
"org.example.MatrixMultiplicationBenchmark.testOptimizedMultiplication:·gc.alloc.rate","avgt",1,2,"3,662372",NaN,"MB/sec",1000,0.1
"org.example.MatrixMultiplicationBenchmark.testOptimizedMultiplication:·gc.alloc.rate.norm","avgt",1,2,"8020220,000000",NaN,"B/op",1000,0.1
"org.example.MatrixMultiplicationBenchmark.testOptimizedMultiplication:·gc.count","avgt",1,2,"0,000000",NaN,"counts",1000,0.1
"org.example.MatrixMultiplicationBenchmark.testOptimizedMultiplication","avgt",1,2,"1794,531275",NaN,"ms/op",1000,0.5
"org.example.MatrixMultiplicationBenchmark.testOptimizedMultiplication:·gc.alloc.rate","avgt",1,2,"3,736753",NaN,"MB/sec",1000,0.5
"org.example.MatrixMultiplicationBenchmark.testOptimizedMultiplication:·gc.alloc.rate.norm","avgt",1,2,"8020220,000000",NaN,"B/op",1000,0.5
"org.example.MatrixMultiplicationBenchmark.testOptimizedMultiplication:·gc.count","avgt",1,2,"0,000000",NaN,"counts",1000,0.5
"org.example.MatrixMultiplicationBenchmark.testOptimizedMultiplication","avgt",1,2,"1857,829300",NaN,"ms/op",1000,0.8
"org.example.MatrixMultiplicationBenchmark.testOptimizedMultiplication:·gc.alloc.rate","avgt",1,2,"3,642435",NaN,"MB/sec",1000,0.8
"org.example.MatrixMultiplicationBenchmark.testOptimizedMultiplication:·gc.alloc.rate.norm","avgt",1,2,"8026872,000000",NaN,"B/op",1000,0.8
"org.example.MatrixMultiplicationBenchmark.testOptimizedMultiplication:·gc.churn.G1_Eden_Space","avgt",1,2,"3,812117",NaN,"MB/sec",1000,0.8
"org.example.MatrixMultiplicationBenchmark.testOptimizedMultiplication:·gc.churn.G1_Eden_Space.norm","avgt",1,2,"7864320,000000",NaN,"B/op",1000,0.8
"org.example.MatrixMultiplicationBenchmark.testOptimizedMultiplication:·gc.count","avgt",1,2,"1,000000",NaN,"counts",1000,0.8
"org.example.MatrixMultiplicationBenchmark.testOptimizedMultiplication:·gc.time","avgt",1,2,"8,000000",NaN,"ms",1000,0.8
"org.example.MatrixMultiplicationBenchmark.testSparseMultiplication","avgt",1,2,"0,026093",NaN,"ms/op",10,0.1
"org.example.MatrixMultiplicationBenchmark.testSparseMultiplication:·gc.alloc.rate","avgt",1,2,"1173,545440",NaN,"MB/sec",10,0.1
"org.example.MatrixMultiplicationBenchmark.testSparseMultiplication:·gc.alloc.rate.norm","avgt",1,2,"40115,933319",NaN,"B/op",10,0.1
"org.example.MatrixMultiplicationBenchmark.testSparseMultiplication:·gc.churn.G1_Eden_Space","avgt",1,2,"1196,845555",NaN,"MB/sec",10,0.1
"org.example.MatrixMultiplicationBenchmark.testSparseMultiplication:·gc.churn.G1_Eden_Space.norm","avgt",1,2,"40898,965636",NaN,"B/op",10,0.1
"org.example.MatrixMultiplicationBenchmark.testSparseMultiplication:·gc.churn.G1_Survivor_Space","avgt",1,2,"0,447678",NaN,"MB/sec",10,0.1
"org.example.MatrixMultiplicationBenchmark.testSparseMultiplication:·gc.churn.G1_Survivor_Space.norm","avgt",1,2,"15,838253",NaN,"B/op",10,0.1
"org.example.MatrixMultiplicationBenchmark.testSparseMultiplication:·gc.count","avgt",1,2,"23,000000",NaN,"counts",10,0.1
"org.example.MatrixMultiplicationBenchmark.testSparseMultiplication:·gc.time","avgt",1,2,"33,000000",NaN,"ms",10,0.1
"org.example.MatrixMultiplicationBenchmark.testSparseMultiplication","avgt",1,2,"0,008053",NaN,"ms/op",10,0.5
"org.example.MatrixMultiplicationBenchmark.testSparseMultiplication:·gc.alloc.rate","avgt",1,2,"1195,197509",NaN,"MB/sec",10,0.5
"org.example.MatrixMultiplicationBenchmark.testSparseMultiplication:·gc.alloc.rate.norm","avgt",1,2,"12649,169522",NaN,"B/op",10,0.5
"org.example.MatrixMultiplicationBenchmark.testSparseMultiplication:·gc.churn.G1_Eden_Space","avgt",1,2,"1174,280037",NaN,"MB/sec",10,0.5
"org.example.MatrixMultiplicationBenchmark.testSparseMultiplication:·gc.churn.G1_Eden_Space.norm","avgt",1,2,"12443,084092",NaN,"B/op",10,0.5
"org.example.MatrixMultiplicationBenchmark.testSparseMultiplication:·gc.churn.G1_Survivor_Space","avgt",1,2,"0,033759",NaN,"MB/sec",10,0.5
"org.example.MatrixMultiplicationBenchmark.testSparseMultiplication:·gc.churn.G1_Survivor_Space.norm","avgt",1,2,"0,356365",NaN,"B/op",10,0.5
"org.example.MatrixMultiplicationBenchmark.testSparseMultiplication:·gc.count","avgt",1,2,"22,000000",NaN,"counts",10,0.5
"org.example.MatrixMultiplicationBenchmark.testSparseMultiplication:·gc.time","avgt",1,2,"31,000000",NaN,"ms",10,0.5
"org.example.MatrixMultiplicationBenchmark.testSparseMultiplication","avgt",1,2,"0,002108",NaN,"ms/op",10,0.8
"org.example.MatrixMultiplicationBenchmark.testSparseMultiplication:·gc.alloc.rate","avgt",1,2,"1392,151737",NaN,"MB/sec",10,0.8
"org.example.MatrixMultiplicationBenchmark.testSparseMultiplication:·gc.alloc.rate.norm","avgt",1,2,"3856,374701",NaN,"B/op",10,0.8
"org.example.MatrixMultiplicationBenchmark.testSparseMultiplication:·gc.churn.G1_Eden_Space","avgt",1,2,"1427,844551",NaN,"MB/sec",10,0.8
"org.example.MatrixMultiplicationBenchmark.testSparseMultiplication:·gc.churn.G1_Eden_Space.norm","avgt",1,2,"3954,790452",NaN,"B/op",10,0.8
"org.example.MatrixMultiplicationBenchmark.testSparseMultiplication:·gc.churn.G1_Survivor_Space","avgt",1,2,"0,022097",NaN,"MB/sec",10,0.8
"org.example.MatrixMultiplicationBenchmark.testSparseMultiplication:·gc.churn.G1_Survivor_Space.norm","avgt",1,2,"0,062661",NaN,"B/op",10,0.8
"org.example.MatrixMultiplicationBenchmark.testSparseMultiplication:·gc.count","avgt",1,2,"27,000000",NaN,"counts",10,0.8
"org.example.MatrixMultiplicationBenchmark.testSparseMultiplication:·gc.time","avgt",1,2,"38,000000",NaN,"ms",10,0.8
"org.example.MatrixMultiplicationBenchmark.testSparseMultiplication","avgt",1,2,"25,988746",NaN,"ms/op",100,0.1
"org.example.MatrixMultiplicationBenchmark.testSparseMultiplication:·gc.alloc.rate","avgt",1,2,"1149,199395",NaN,"MB/sec",100,0.1
"org.example.MatrixMultiplicationBenchmark.testSparseMultiplication:·gc.alloc.rate.norm","avgt",1,2,"39181828,984677",NaN,"B/op",100,0.1
"org.example.MatrixMultiplicationBenchmark.testSparseMultiplication:·gc.churn.G1_Eden_Space","avgt",1,2,"1157,142444",NaN,"MB/sec",100,0.1
"org.example.MatrixMultiplicationBenchmark.testSparseMultiplication:·gc.churn.G1_Eden_Space.norm","avgt",1,2,"39440010,147901",NaN,"B/op",100,0.1
"org.example.MatrixMultiplicationBenchmark.testSparseMultiplication:·gc.churn.G1_Survivor_Space","avgt",1,2,"0,613705",NaN,"MB/sec",100,0.1
"org.example.MatrixMultiplicationBenchmark.testSparseMultiplication:·gc.churn.G1_Survivor_Space.norm","avgt",1,2,"20934,075949",NaN,"B/op",100,0.1
"org.example.MatrixMultiplicationBenchmark.testSparseMultiplication:·gc.count","avgt",1,2,"27,000000",NaN,"counts",100,0.1
"org.example.MatrixMultiplicationBenchmark.testSparseMultiplication:·gc.time","avgt",1,2,"34,000000",NaN,"ms",100,0.1
"org.example.MatrixMultiplicationBenchmark.testSparseMultiplication","avgt",1,2,"10,017882",NaN,"ms/op",100,0.5
"org.example.MatrixMultiplicationBenchmark.testSparseMultiplication:·gc.alloc.rate","avgt",1,2,"930,794066",NaN,"MB/sec",100,0.5
"org.example.MatrixMultiplicationBenchmark.testSparseMultiplication:·gc.alloc.rate.norm","avgt",1,2,"12248637,277624",NaN,"B/op",100,0.5
"org.example.MatrixMultiplicationBenchmark.testSparseMultiplication:·gc.churn.G1_Eden_Space","avgt",1,2,"927,654600",NaN,"MB/sec",100,0.5
"org.example.MatrixMultiplicationBenchmark.testSparseMultiplication:·gc.churn.G1_Eden_Space.norm","avgt",1,2,"12207604,847525",NaN,"B/op",100,0.5
"org.example.MatrixMultiplicationBenchmark.testSparseMultiplication:·gc.churn.G1_Survivor_Space","avgt",1,2,"0,839710",NaN,"MB/sec",100,0.5
"org.example.MatrixMultiplicationBenchmark.testSparseMultiplication:·gc.churn.G1_Survivor_Space.norm","avgt",1,2,"11052,753663",NaN,"B/op",100,0.5
"org.example.MatrixMultiplicationBenchmark.testSparseMultiplication:·gc.count","avgt",1,2,"26,000000",NaN,"counts",100,0.5
"org.example.MatrixMultiplicationBenchmark.testSparseMultiplication:·gc.time","avgt",1,2,"32,000000",NaN,"ms",100,0.5
"org.example.MatrixMultiplicationBenchmark.testSparseMultiplication","avgt",1,2,"2,262557",NaN,"ms/op",100,0.8
"org.example.MatrixMultiplicationBenchmark.testSparseMultiplication:·gc.alloc.rate","avgt",1,2,"759,023294",NaN,"MB/sec",100,0.8
"org.example.MatrixMultiplicationBenchmark.testSparseMultiplication:·gc.alloc.rate.norm","avgt",1,2,"2251591,771220",NaN,"B/op",100,0.8
"org.example.MatrixMultiplicationBenchmark.testSparseMultiplication:·gc.churn.G1_Eden_Space","avgt",1,2,"745,665601",NaN,"MB/sec",100,0.8
"org.example.MatrixMultiplicationBenchmark.testSparseMultiplication:·gc.churn.G1_Eden_Space.norm","avgt",1,2,"2212806,308959",NaN,"B/op",100,0.8
"org.example.MatrixMultiplicationBenchmark.testSparseMultiplication:·gc.churn.G1_Survivor_Space","avgt",1,2,"0,773247",NaN,"MB/sec",100,0.8
"org.example.MatrixMultiplicationBenchmark.testSparseMultiplication:·gc.churn.G1_Survivor_Space.norm","avgt",1,2,"2317,072981",NaN,"B/op",100,0.8
"org.example.MatrixMultiplicationBenchmark.testSparseMultiplication:·gc.count","avgt",1,2,"15,000000",NaN,"counts",100,0.8
"org.example.MatrixMultiplicationBenchmark.testSparseMultiplication:·gc.time","avgt",1,2,"28,000000",NaN,"ms",100,0.8
"org.example.MatrixMultiplicationBenchmark.testSparseMultiplication","avgt",1,2,"92882,786400",NaN,"ms/op",1000,0.1
"org.example.MatrixMultiplicationBenchmark.testSparseMultiplication:·gc.alloc.rate","avgt",1,2,"1090,074461",NaN,"MB/sec",1000,0.1
"org.example.MatrixMultiplicationBenchmark.testSparseMultiplication:·gc.alloc.rate.norm","avgt",1,2,"106739578312,000000",NaN,"B/op",1000,0.1
"org.example.MatrixMultiplicationBenchmark.testSparseMultiplication:·gc.churn.G1_Eden_Space","avgt",1,2,"1089,958876",NaN,"MB/sec",1000,0.1
"org.example.MatrixMultiplicationBenchmark.testSparseMultiplication:·gc.churn.G1_Eden_Space.norm","avgt",1,2,"106728259584,000000",NaN,"B/op",1000,0.1
"org.example.MatrixMultiplicationBenchmark.testSparseMultiplication:·gc.churn.G1_Survivor_Space","avgt",1,2,"0,171190",NaN,"MB/sec",1000,0.1
"org.example.MatrixMultiplicationBenchmark.testSparseMultiplication:·gc.churn.G1_Survivor_Space.norm","avgt",1,2,"16785996,000000",NaN,"B/op",1000,0.1
"org.example.MatrixMultiplicationBenchmark.testSparseMultiplication:·gc.count","avgt",1,2,"226,000000",NaN,"counts",1000,0.1
"org.example.MatrixMultiplicationBenchmark.testSparseMultiplication:·gc.time","avgt",1,2,"4305,000000",NaN,"ms",1000,0.1
"org.example.MatrixMultiplicationBenchmark.testSparseMultiplication","avgt",1,2,"30005,014350",NaN,"ms/op",1000,0.5
"org.example.MatrixMultiplicationBenchmark.testSparseMultiplication:·gc.alloc.rate","avgt",1,2,"1031,513667",NaN,"MB/sec",1000,0.5
"org.example.MatrixMultiplicationBenchmark.testSparseMultiplication:·gc.alloc.rate.norm","avgt",1,2,"32976276704,000000",NaN,"B/op",1000,0.5
"org.example.MatrixMultiplicationBenchmark.testSparseMultiplication:·gc.churn.G1_Eden_Space","avgt",1,2,"1036,546796",NaN,"MB/sec",1000,0.5
"org.example.MatrixMultiplicationBenchmark.testSparseMultiplication:·gc.churn.G1_Eden_Space.norm","avgt",1,2,"33143390208,000000",NaN,"B/op",1000,0.5
"org.example.MatrixMultiplicationBenchmark.testSparseMultiplication:·gc.churn.G1_Survivor_Space","avgt",1,2,"0,403318",NaN,"MB/sec",1000,0.5
"org.example.MatrixMultiplicationBenchmark.testSparseMultiplication:·gc.churn.G1_Survivor_Space.norm","avgt",1,2,"12856756,000000",NaN,"B/op",1000,0.5
"org.example.MatrixMultiplicationBenchmark.testSparseMultiplication:·gc.count","avgt",1,2,"78,000000",NaN,"counts",1000,0.5
"org.example.MatrixMultiplicationBenchmark.testSparseMultiplication:·gc.time","avgt",1,2,"2886,000000",NaN,"ms",1000,0.5
"org.example.MatrixMultiplicationBenchmark.testSparseMultiplication","avgt",1,2,"3993,648700",NaN,"ms/op",1000,0.8
"org.example.MatrixMultiplicationBenchmark.testSparseMultiplication:·gc.alloc.rate","avgt",1,2,"1193,190545",NaN,"MB/sec",1000,0.8
"org.example.MatrixMultiplicationBenchmark.testSparseMultiplication:·gc.alloc.rate.norm","avgt",1,2,"5314008128,000000",NaN,"B/op",1000,0.8
"org.example.MatrixMultiplicationBenchmark.testSparseMultiplication:·gc.churn.G1_Eden_Space","avgt",1,2,"1230,664946",NaN,"MB/sec",1000,0.8
"org.example.MatrixMultiplicationBenchmark.testSparseMultiplication:·gc.churn.G1_Eden_Space.norm","avgt",1,2,"5491392512,000000",NaN,"B/op",1000,0.8
"org.example.MatrixMultiplicationBenchmark.testSparseMultiplication:·gc.churn.G1_Survivor_Space","avgt",1,2,"2,393382",NaN,"MB/sec",1000,0.8
"org.example.MatrixMultiplicationBenchmark.testSparseMultiplication:·gc.churn.G1_Survivor_Space.norm","avgt",1,2,"9241504,000000",NaN,"B/op",1000,0.8
"org.example.MatrixMultiplicationBenchmark.testSparseMultiplication:·gc.count","avgt",1,2,"16,000000",NaN,"counts",1000,0.8
"org.example.MatrixMultiplicationBenchmark.testSparseMultiplication:·gc.time","avgt",1,2,"517,000000",NaN,"ms",1000,0.8
"org.example.MatrixMultiplicationBenchmark.testStrassenMultiplication","avgt",1,2,"0,816284",NaN,"ms/op",10,0.1
"org.example.MatrixMultiplicationBenchmark.testStrassenMultiplication:·gc.alloc.rate","avgt",1,2,"717,205327",NaN,"MB/sec",10,0.1
"org.example.MatrixMultiplicationBenchmark.testStrassenMultiplication:·gc.alloc.rate.norm","avgt",1,2,"768315,291696",NaN,"B/op",10,0.1
"org.example.MatrixMultiplicationBenchmark.testStrassenMultiplication:·gc.churn.G1_Eden_Space","avgt",1,2,"730,273832",NaN,"MB/sec",10,0.1
"org.example.MatrixMultiplicationBenchmark.testStrassenMultiplication:·gc.churn.G1_Eden_Space.norm","avgt",1,2,"781736,640314",NaN,"B/op",10,0.1
"org.example.MatrixMultiplicationBenchmark.testStrassenMultiplication:·gc.churn.G1_Survivor_Space","avgt",1,2,"0,479733",NaN,"MB/sec",10,0.1
"org.example.MatrixMultiplicationBenchmark.testStrassenMultiplication:·gc.churn.G1_Survivor_Space.norm","avgt",1,2,"497,571277",NaN,"B/op",10,0.1
"org.example.MatrixMultiplicationBenchmark.testStrassenMultiplication:·gc.count","avgt",1,2,"17,000000",NaN,"counts",10,0.1
"org.example.MatrixMultiplicationBenchmark.testStrassenMultiplication:·gc.time","avgt",1,2,"29,000000",NaN,"ms",10,0.1
"org.example.MatrixMultiplicationBenchmark.testStrassenMultiplication","avgt",1,2,"0,779526",NaN,"ms/op",10,0.5
"org.example.MatrixMultiplicationBenchmark.testStrassenMultiplication:·gc.alloc.rate","avgt",1,2,"747,764475",NaN,"MB/sec",10,0.5
"org.example.MatrixMultiplicationBenchmark.testStrassenMultiplication:·gc.alloc.rate.norm","avgt",1,2,"768311,071696",NaN,"B/op",10,0.5
"org.example.MatrixMultiplicationBenchmark.testStrassenMultiplication:·gc.churn.G1_Eden_Space","avgt",1,2,"745,369305",NaN,"MB/sec",10,0.5
"org.example.MatrixMultiplicationBenchmark.testStrassenMultiplication:·gc.churn.G1_Eden_Space.norm","avgt",1,2,"766058,938676",NaN,"B/op",10,0.5
"org.example.MatrixMultiplicationBenchmark.testStrassenMultiplication:·gc.churn.G1_Survivor_Space","avgt",1,2,"0,494069",NaN,"MB/sec",10,0.5
"org.example.MatrixMultiplicationBenchmark.testStrassenMultiplication:·gc.churn.G1_Survivor_Space.norm","avgt",1,2,"509,715247",NaN,"B/op",10,0.5
"org.example.MatrixMultiplicationBenchmark.testStrassenMultiplication:·gc.count","avgt",1,2,"17,000000",NaN,"counts",10,0.5
"org.example.MatrixMultiplicationBenchmark.testStrassenMultiplication:·gc.time","avgt",1,2,"30,000000",NaN,"ms",10,0.5
"org.example.MatrixMultiplicationBenchmark.testStrassenMultiplication","avgt",1,2,"0,833747",NaN,"ms/op",10,0.8
"org.example.MatrixMultiplicationBenchmark.testStrassenMultiplication:·gc.alloc.rate","avgt",1,2,"701,756286",NaN,"MB/sec",10,0.8
"org.example.MatrixMultiplicationBenchmark.testStrassenMultiplication:·gc.alloc.rate.norm","avgt",1,2,"768306,059194",NaN,"B/op",10,0.8
"org.example.MatrixMultiplicationBenchmark.testStrassenMultiplication:·gc.churn.G1_Eden_Space","avgt",1,2,"689,421137",NaN,"MB/sec",10,0.8
"org.example.MatrixMultiplicationBenchmark.testStrassenMultiplication:·gc.churn.G1_Eden_Space.norm","avgt",1,2,"753958,262031",NaN,"B/op",10,0.8
"org.example.MatrixMultiplicationBenchmark.testStrassenMultiplication:·gc.churn.G1_Survivor_Space","avgt",1,2,"0,494323",NaN,"MB/sec",10,0.8
"org.example.MatrixMultiplicationBenchmark.testStrassenMultiplication:·gc.churn.G1_Survivor_Space.norm","avgt",1,2,"522,714716",NaN,"B/op",10,0.8
"org.example.MatrixMultiplicationBenchmark.testStrassenMultiplication:·gc.count","avgt",1,2,"15,000000",NaN,"counts",10,0.8
"org.example.MatrixMultiplicationBenchmark.testStrassenMultiplication:·gc.time","avgt",1,2,"34,000000",NaN,"ms",10,0.8
"org.example.MatrixMultiplicationBenchmark.testStrassenMultiplication","avgt",1,2,"271,990225",NaN,"ms/op",100,0.1
"org.example.MatrixMultiplicationBenchmark.testStrassenMultiplication:·gc.alloc.rate","avgt",1,2,"762,697513",NaN,"MB/sec",100,0.1
"org.example.MatrixMultiplicationBenchmark.testStrassenMultiplication:·gc.alloc.rate.norm","avgt",1,2,"268251276,000000",NaN,"B/op",100,0.1
"org.example.MatrixMultiplicationBenchmark.testStrassenMultiplication:·gc.churn.G1_Eden_Space","avgt",1,2,"772,165174",NaN,"MB/sec",100,0.1
"org.example.MatrixMultiplicationBenchmark.testStrassenMultiplication:·gc.churn.G1_Eden_Space.norm","avgt",1,2,"271581184,000000",NaN,"B/op",100,0.1
"org.example.MatrixMultiplicationBenchmark.testStrassenMultiplication:·gc.churn.G1_Survivor_Space","avgt",1,2,"0,271670",NaN,"MB/sec",100,0.1
"org.example.MatrixMultiplicationBenchmark.testStrassenMultiplication:·gc.churn.G1_Survivor_Space.norm","avgt",1,2,"95359,500000",NaN,"B/op",100,0.1
"org.example.MatrixMultiplicationBenchmark.testStrassenMultiplication:·gc.count","avgt",1,2,"28,000000",NaN,"counts",100,0.1
"org.example.MatrixMultiplicationBenchmark.testStrassenMultiplication:·gc.time","avgt",1,2,"36,000000",NaN,"ms",100,0.1
"org.example.MatrixMultiplicationBenchmark.testStrassenMultiplication","avgt",1,2,"273,603825",NaN,"ms/op",100,0.5
"org.example.MatrixMultiplicationBenchmark.testStrassenMultiplication:·gc.alloc.rate","avgt",1,2,"757,943252",NaN,"MB/sec",100,0.5
"org.example.MatrixMultiplicationBenchmark.testStrassenMultiplication:·gc.alloc.rate.norm","avgt",1,2,"268251338,000000",NaN,"B/op",100,0.5
"org.example.MatrixMultiplicationBenchmark.testStrassenMultiplication:·gc.churn.G1_Eden_Space","avgt",1,2,"767,351721",NaN,"MB/sec",100,0.5
"org.example.MatrixMultiplicationBenchmark.testStrassenMultiplication:·gc.churn.G1_Eden_Space.norm","avgt",1,2,"271581184,000000",NaN,"B/op",100,0.5
"org.example.MatrixMultiplicationBenchmark.testStrassenMultiplication:·gc.churn.G1_Survivor_Space","avgt",1,2,"0,271729",NaN,"MB/sec",100,0.5
"org.example.MatrixMultiplicationBenchmark.testStrassenMultiplication:·gc.churn.G1_Survivor_Space.norm","avgt",1,2,"96162,500000",NaN,"B/op",100,0.5
"org.example.MatrixMultiplicationBenchmark.testStrassenMultiplication:·gc.count","avgt",1,2,"28,000000",NaN,"counts",100,0.5
"org.example.MatrixMultiplicationBenchmark.testStrassenMultiplication:·gc.time","avgt",1,2,"31,000000",NaN,"ms",100,0.5
"org.example.MatrixMultiplicationBenchmark.testStrassenMultiplication","avgt",1,2,"276,728859",NaN,"ms/op",100,0.8
"org.example.MatrixMultiplicationBenchmark.testStrassenMultiplication:·gc.alloc.rate","avgt",1,2,"744,344701",NaN,"MB/sec",100,0.8
"org.example.MatrixMultiplicationBenchmark.testStrassenMultiplication:·gc.alloc.rate.norm","avgt",1,2,"268250815,714286",NaN,"B/op",100,0.8
"org.example.MatrixMultiplicationBenchmark.testStrassenMultiplication:·gc.churn.G1_Eden_Space","avgt",1,2,"746,319078",NaN,"MB/sec",100,0.8
"org.example.MatrixMultiplicationBenchmark.testStrassenMultiplication:·gc.churn.G1_Eden_Space.norm","avgt",1,2,"268809947,428571",NaN,"B/op",100,0.8
"org.example.MatrixMultiplicationBenchmark.testStrassenMultiplication:·gc.churn.G1_Survivor_Space","avgt",1,2,"0,277165",NaN,"MB/sec",100,0.8
"org.example.MatrixMultiplicationBenchmark.testStrassenMultiplication:·gc.churn.G1_Survivor_Space.norm","avgt",1,2,"99530,785714",NaN,"B/op",100,0.8
"org.example.MatrixMultiplicationBenchmark.testStrassenMultiplication:·gc.count","avgt",1,2,"26,000000",NaN,"counts",100,0.8
"org.example.MatrixMultiplicationBenchmark.testStrassenMultiplication:·gc.time","avgt",1,2,"32,000000",NaN,"ms",100,0.8
"org.example.MatrixMultiplicationBenchmark.testStrassenMultiplication","avgt",1,2,"180500,353850",NaN,"ms/op",1000,0.1
"org.example.MatrixMultiplicationBenchmark.testStrassenMultiplication:·gc.alloc.rate","avgt",1,2,"486,150477",NaN,"MB/sec",1000,0.1
"org.example.MatrixMultiplicationBenchmark.testStrassenMultiplication:·gc.alloc.rate.norm","avgt",1,2,"92271928360,000000",NaN,"B/op",1000,0.1
"org.example.MatrixMultiplicationBenchmark.testStrassenMultiplication:·gc.churn.G1_Eden_Space","avgt",1,2,"486,552231",NaN,"MB/sec",1000,0.1
"org.example.MatrixMultiplicationBenchmark.testStrassenMultiplication:·gc.churn.G1_Eden_Space.norm","avgt",1,2,"92345991168,000000",NaN,"B/op",1000,0.1
"org.example.MatrixMultiplicationBenchmark.testStrassenMultiplication:·gc.churn.G1_Survivor_Space","avgt",1,2,"0,400088",NaN,"MB/sec",1000,0.1
"org.example.MatrixMultiplicationBenchmark.testStrassenMultiplication:·gc.churn.G1_Survivor_Space.norm","avgt",1,2,"75933476,000000",NaN,"B/op",1000,0.1
"org.example.MatrixMultiplicationBenchmark.testStrassenMultiplication:·gc.count","avgt",1,2,"181,000000",NaN,"counts",1000,0.1
"org.example.MatrixMultiplicationBenchmark.testStrassenMultiplication:·gc.time","avgt",1,2,"875,000000",NaN,"ms",1000,0.1
"org.example.MatrixMultiplicationBenchmark.testStrassenMultiplication","avgt",1,2,"186368,436550",NaN,"ms/op",1000,0.5
"org.example.MatrixMultiplicationBenchmark.testStrassenMultiplication:·gc.alloc.rate","avgt",1,2,"470,934116",NaN,"MB/sec",1000,0.5
"org.example.MatrixMultiplicationBenchmark.testStrassenMultiplication:·gc.alloc.rate.norm","avgt",1,2,"92276137264,000000",NaN,"B/op",1000,0.5
"org.example.MatrixMultiplicationBenchmark.testStrassenMultiplication:·gc.churn.CodeHeap_'non-profiled_nmethods'","avgt",1,2,"0,000066",NaN,"MB/sec",1000,0.5
"org.example.MatrixMultiplicationBenchmark.testStrassenMultiplication:·gc.churn.CodeHeap_'non-profiled_nmethods'.norm","avgt",1,2,"13056,000000",NaN,"B/op",1000,0.5
"org.example.MatrixMultiplicationBenchmark.testStrassenMultiplication:·gc.churn.CodeHeap_'profiled_nmethods'","avgt",1,2,"0,000899",NaN,"MB/sec",1000,0.5
"org.example.MatrixMultiplicationBenchmark.testStrassenMultiplication:·gc.churn.CodeHeap_'profiled_nmethods'.norm","avgt",1,2,"177600,000000",NaN,"B/op",1000,0.5
"org.example.MatrixMultiplicationBenchmark.testStrassenMultiplication:·gc.churn.G1_Eden_Space","avgt",1,2,"471,433452",NaN,"MB/sec",1000,0.5
"org.example.MatrixMultiplicationBenchmark.testStrassenMultiplication:·gc.churn.G1_Eden_Space.norm","avgt",1,2,"92374302720,000000",NaN,"B/op",1000,0.5
"org.example.MatrixMultiplicationBenchmark.testStrassenMultiplication:·gc.churn.G1_Old_Gen","avgt",1,2,"0,470895",NaN,"MB/sec",1000,0.5
"org.example.MatrixMultiplicationBenchmark.testStrassenMultiplication:·gc.churn.G1_Old_Gen.norm","avgt",1,2,"92268496,000000",NaN,"B/op",1000,0.5
"org.example.MatrixMultiplicationBenchmark.testStrassenMultiplication:·gc.churn.G1_Survivor_Space","avgt",1,2,"0,677650",NaN,"MB/sec",1000,0.5
"org.example.MatrixMultiplicationBenchmark.testStrassenMultiplication:·gc.churn.G1_Survivor_Space.norm","avgt",1,2,"132793448,000000",NaN,"B/op",1000,0.5
"org.example.MatrixMultiplicationBenchmark.testStrassenMultiplication:·gc.count","avgt",1,2,"595,000000",NaN,"counts",1000,0.5
"org.example.MatrixMultiplicationBenchmark.testStrassenMultiplication:·gc.time","avgt",1,2,"1373,000000",NaN,"ms",1000,0.5
"org.example.MatrixMultiplicationBenchmark.testStrassenMultiplication","avgt",1,2,"192538,688950",NaN,"ms/op",1000,0.8
"org.example.MatrixMultiplicationBenchmark.testStrassenMultiplication:·gc.alloc.rate","avgt",1,2,"456,190881",NaN,"MB/sec",1000,0.8
"org.example.MatrixMultiplicationBenchmark.testStrassenMultiplication:·gc.alloc.rate.norm","avgt",1,2,"92275684104,000000",NaN,"B/op",1000,0.8
"org.example.MatrixMultiplicationBenchmark.testStrassenMultiplication:·gc.churn.G1_Eden_Space","avgt",1,2,"456,627730",NaN,"MB/sec",1000,0.8
"org.example.MatrixMultiplicationBenchmark.testStrassenMultiplication:·gc.churn.G1_Eden_Space.norm","avgt",1,2,"92371156992,000000",NaN,"B/op",1000,0.8
"org.example.MatrixMultiplicationBenchmark.testStrassenMultiplication:·gc.churn.G1_Old_Gen","avgt",1,2,"0,418325",NaN,"MB/sec",1000,0.8
"org.example.MatrixMultiplicationBenchmark.testStrassenMultiplication:·gc.churn.G1_Old_Gen.norm","avgt",1,2,"87018236,000000",NaN,"B/op",1000,0.8
"org.example.MatrixMultiplicationBenchmark.testStrassenMultiplication:·gc.churn.G1_Survivor_Space","avgt",1,2,"0,632928",NaN,"MB/sec",1000,0.8
"org.example.MatrixMultiplicationBenchmark.testStrassenMultiplication:·gc.churn.G1_Survivor_Space.norm","avgt",1,2,"127901312,000000",NaN,"B/op",1000,0.8
"org.example.MatrixMultiplicationBenchmark.testStrassenMultiplication:·gc.count","avgt",1,2,"563,000000",NaN,"counts",1000,0.8
"org.example.MatrixMultiplicationBenchmark.testStrassenMultiplication:·gc.time","avgt",1,2,"1386,000000",NaN,"ms",1000,0.8
